날짜,확진자수,누적확진자수,데이터기준일
2020-03-09,1,1,2022-09-28
2020-03-10,0,1,2022-09-28
2020-03-11,0,1,2022-09-28
2020-03-12,1,2,2022-09-28
2020-03-13,0,2,2022-09-28
2020-03-14,1,3,2022-09-28
2020-03-15,1,4,2022-09-28
2020-03-16,0,4,2022-09-28
2020-03-17,0,4,2022-09-28
2020-03-18,0,4,2022-09-28
2020-03-19,0,4,2022-09-28
2020-03-20,0,4,2022-09-28
2020-03-21,0,4,2022-09-28
2020-03-22,0,4,2022-09-28
2020-03-23,0,4,2022-09-28
2020-03-24,0,4,2022-09-28
2020-03-25,0,4,2022-09-28
2020-03-26,1,5,2022-09-28
2020-03-27,0,5,2022-09-28
2020-03-28,1,6,2022-09-28
2020-03-29,0,6,2022-09-28
2020-03-30,2,8,2022-09-28
2020-03-31,1,9,2022-09-28
2020-04-01,0,9,2022-09-28
2020-04-02,0,9,2022-09-28
2020-04-03,0,9,2022-09-28
2020-04-04,0,9,2022-09-28
2020-04-05,0,9,2022-09-28
2020-04-06,0,9,2022-09-28
2020-04-07,0,9,2022-09-28
2020-04-08,0,9,2022-09-28
2020-04-09,1,10,2022-09-28
2020-04-10,0,10,2022-09-28
2020-04-11,0,10,2022-09-28
2020-04-12,0,10,2022-09-28
2020-04-13,1,11,2022-09-28
2020-04-14,0,11,2022-09-28
2020-04-15,0,11,2022-09-28
2020-04-16,0,11,2022-09-28
2020-04-17,0,11,2022-09-28
2020-04-18,1,12,2022-09-28
2020-04-19,0,12,2022-09-28
2020-04-20,0,12,2022-09-28
2020-04-21,0,12,2022-09-28
2020-04-22,0,12,2022-09-28
2020-04-23,0,12,2022-09-28
2020-04-24,0,12,2022-09-28
2020-04-25,0,12,2022-09-28
2020-04-26,0,12,2022-09-28
2020-04-27,1,13,2022-09-28
2020-04-28,0,13,2022-09-28
2020-04-29,0,13,2022-09-28
2020-04-30,0,13,2022-09-28
2020-05-01,1,14,2022-09-28
2020-05-02,0,14,2022-09-28
2020-05-03,0,14,2022-09-28
2020-05-04,0,14,2022-09-28
2020-05-05,0,14,2022-09-28
2020-05-06,0,14,2022-09-28
2020-05-07,0,14,2022-09-28
2020-05-08,0,14,2022-09-28
2020-05-09,0,14,2022-09-28
2020-05-10,0,14,2022-09-28
2020-05-11,0,14,2022-09-28
2020-05-12,2,16,2022-09-28
2020-05-13,1,17,2022-09-28
2020-05-14,1,18,2022-09-28
2020-05-15,0,18,2022-09-28
2020-05-16,0,18,2022-09-28
2020-05-17,1,19,2022-09-28
2020-05-18,1,20,2022-09-28
2020-05-19,0,20,2022-09-28
2020-05-20,1,21,2022-09-28
2020-05-21,0,21,2022-09-28
2020-05-22,0,21,2022-09-28
2020-05-23,0,21,2022-09-28
2020-05-24,0,21,2022-09-28
2020-05-25,0,21,2022-09-28
2020-05-26,1,22,2022-09-28
2020-05-27,0,22,2022-09-28
2020-05-28,1,23,2022-09-28
2020-05-29,1,24,2022-09-28
2020-05-30,0,24,2022-09-28
2020-05-31,1,25,2022-09-28
2020-06-01,0,25,2022-09-28
2020-06-02,1,26,2022-09-28
2020-06-03,1,27,2022-09-28
2020-06-04,3,30,2022-09-28
2020-06-05,5,35,2022-09-28
2020-06-06,1,36,2022-09-28
2020-06-07,0,36,2022-09-28
2020-06-08,1,37,2022-09-28
2020-06-09,0,37,2022-09-28
2020-06-10,0,37,2022-09-28
2020-06-11,0,37,2022-09-28
2020-06-12,1,38,2022-09-28
2020-06-13,1,39,2022-09-28
2020-06-14,1,40,2022-09-28
2020-06-15,1,41,2022-09-28
2020-06-16,0,41,2022-09-28
2020-06-17,0,41,2022-09-28
2020-06-18,0,41,2022-09-28
2020-06-19,1,42,2022-09-28
2020-06-20,0,42,2022-09-28
2020-06-21,1,43,2022-09-28
2020-06-22,0,43,2022-09-28
2020-06-23,0,43,2022-09-28
2020-06-24,0,43,2022-09-28
2020-06-25,1,44,2022-09-28
2020-06-26,0,44,2022-09-28
2020-06-27,0,44,2022-09-28
2020-06-28,0,44,2022-09-28
2020-06-29,0,44,2022-09-28
2020-06-30,0,44,2022-09-28
2020-07-01,0,44,2022-09-28
2020-07-02,0,44,2022-09-28
2020-07-03,1,45,2022-09-28
2020-07-04,0,45,2022-09-28
2020-07-05,3,48,2022-09-28
2020-07-06,0,48,2022-09-28
2020-07-07,0,48,2022-09-28
2020-07-08,0,48,2022-09-28
2020-07-09,0,48,2022-09-28
2020-07-10,0,48,2022-09-28
2020-07-11,0,48,2022-09-28
2020-07-12,0,48,2022-09-28
2020-07-13,0,48,2022-09-28
2020-07-14,0,48,2022-09-28
2020-07-15,0,48,2022-09-28
2020-07-16,0,48,2022-09-28
2020-07-17,0,48,2022-09-28
2020-07-18,0,48,2022-09-28
2020-07-19,0,48,2022-09-28
2020-07-20,0,48,2022-09-28
2020-07-21,0,48,2022-09-28
2020-07-22,0,48,2022-09-28
2020-07-23,0,48,2022-09-28
2020-07-24,0,48,2022-09-28
2020-07-25,0,48,2022-09-28
2020-07-26,0,48,2022-09-28
2020-07-27,0,48,2022-09-28
2020-07-28,1,49,2022-09-28
2020-07-29,0,49,2022-09-28
2020-07-30,0,49,2022-09-28
2020-07-31,0,49,2022-09-28
2020-08-01,0,49,2022-09-28
2020-08-02,0,49,2022-09-28
2020-08-03,0,49,2022-09-28
2020-08-04,0,49,2022-09-28
2020-08-05,0,49,2022-09-28
2020-08-06,0,49,2022-09-28
2020-08-07,1,50,2022-09-28
2020-08-08,0,50,2022-09-28
2020-08-09,0,50,2022-09-28
2020-08-10,0,50,2022-09-28
2020-08-11,0,50,2022-09-28
2020-08-12,0,50,2022-09-28
2020-08-13,1,51,2022-09-28
2020-08-14,2,53,2022-09-28
2020-08-15,3,56,2022-09-28
2020-08-16,3,59,2022-09-28
2020-08-17,1,60,2022-09-28
2020-08-18,2,62,2022-09-28
2020-08-19,2,64,2022-09-28
2020-08-20,15,79,2022-09-28
2020-08-21,3,82,2022-09-28
2020-08-22,2,84,2022-09-28
2020-08-23,0,84,2022-09-28
2020-08-24,1,85,2022-09-28
2020-08-25,2,87,2022-09-28
2020-08-26,8,95,2022-09-28
2020-08-27,3,98,2022-09-28
2020-08-28,3,101,2022-09-28
2020-08-29,1,102,2022-09-28
2020-08-30,0,102,2022-09-28
2020-08-31,1,103,2022-09-28
2020-09-01,0,103,2022-09-28
2020-09-02,2,105,2022-09-28
2020-09-03,4,109,2022-09-28
2020-09-04,1,110,2022-09-28
2020-09-05,0,110,2022-09-28
2020-09-06,0,110,2022-09-28
2020-09-07,0,110,2022-09-28
2020-09-08,0,110,2022-09-28
2020-09-09,0,110,2022-09-28
2020-09-10,2,112,2022-09-28
2020-09-11,1,113,2022-09-28
2020-09-12,0,113,2022-09-28
2020-09-13,1,114,2022-09-28
2020-09-14,3,117,2022-09-28
2020-09-15,2,119,2022-09-28
2020-09-16,0,119,2022-09-28
2020-09-17,0,119,2022-09-28
2020-09-18,0,119,2022-09-28
2020-09-19,0,119,2022-09-28
2020-09-20,1,120,2022-09-28
2020-09-21,0,120,2022-09-28
2020-09-22,0,120,2022-09-28
2020-09-23,0,120,2022-09-28
2020-09-24,0,120,2022-09-28
2020-09-25,0,120,2022-09-28
2020-09-26,1,121,2022-09-28
2020-09-27,0,121,2022-09-28
2020-09-28,0,121,2022-09-28
2020-09-29,0,121,2022-09-28
2020-09-30,0,121,2022-09-28
2020-10-01,2,123,2022-09-28
2020-10-02,2,125,2022-09-28
2020-10-03,1,126,2022-09-28
2020-10-04,1,127,2022-09-28
2020-10-05,0,127,2022-09-28
2020-10-06,0,127,2022-09-28
2020-10-07,0,127,2022-09-28
2020-10-08,0,127,2022-09-28
2020-10-09,0,127,2022-09-28
2020-10-10,0,127,2022-09-28
2020-10-11,0,127,2022-09-28
2020-10-12,0,127,2022-09-28
2020-10-13,1,128,2022-09-28
2020-10-14,9,137,2022-09-28
2020-10-15,1,138,2022-09-28
2020-10-16,0,138,2022-09-28
2020-10-17,1,139,2022-09-28
2020-10-18,1,140,2022-09-28
2020-10-19,3,143,2022-09-28
2020-10-20,3,146,2022-09-28
2020-10-21,0,146,2022-09-28
2020-10-22,1,147,2022-09-28
2020-10-23,0,147,2022-09-28
2020-10-24,0,147,2022-09-28
2020-10-25,0,147,2022-09-28
2020-10-26,1,148,2022-09-28
2020-10-27,3,151,2022-09-28
2020-10-28,0,151,2022-09-28
2020-10-29,1,152,2022-09-28
2020-10-30,2,154,2022-09-28
2020-10-31,0,154,2022-09-28
2020-11-01,0,154,2022-09-28
2020-11-02,0,154,2022-09-28
2020-11-03,1,155,2022-09-28
2020-11-04,0,155,2022-09-28
2020-11-05,0,155,2022-09-28
2020-11-06,0,155,2022-09-28
2020-11-07,0,155,2022-09-28
2020-11-08,1,156,2022-09-28
2020-11-09,0,156,2022-09-28
2020-11-10,0,156,2022-09-28
2020-11-11,0,156,2022-09-28
2020-11-12,0,156,2022-09-28
2020-11-13,0,156,2022-09-28
2020-11-14,1,157,2022-09-28
2020-11-15,5,162,2022-09-28
2020-11-16,2,164,2022-09-28
2020-11-17,4,168,2022-09-28
2020-11-18,7,175,2022-09-28
2020-11-19,18,193,2022-09-28
2020-11-20,2,195,2022-09-28
2020-11-21,4,199,2022-09-28
2020-11-22,2,201,2022-09-28
2020-11-23,3,204,2022-09-28
2020-11-24,7,211,2022-09-28
2020-11-25,4,215,2022-09-28
2020-11-26,6,221,2022-09-28
2020-11-27,5,226,2022-09-28
2020-11-28,7,233,2022-09-28
2020-11-29,21,254,2022-09-28
2020-11-30,9,263,2022-09-28
2020-12-01,9,272,2022-09-28
2020-12-02,7,279,2022-09-28
2020-12-03,2,281,2022-09-28
2020-12-04,3,284,2022-09-28
2020-12-05,2,286,2022-09-28
2020-12-06,12,298,2022-09-28
2020-12-07,7,305,2022-09-28
2020-12-08,1,306,2022-09-28
2020-12-09,4,310,2022-09-28
2020-12-10,13,323,2022-09-28
2020-12-11,12,335,2022-09-28
2020-12-12,1,336,2022-09-28
2020-12-13,3,339,2022-09-28
2020-12-14,10,349,2022-09-28
2020-12-15,16,365,2022-09-28
2020-12-16,16,381,2022-09-28
2020-12-17,13,394,2022-09-28
2020-12-18,8,402,2022-09-28
2020-12-19,15,417,2022-09-28
2020-12-20,19,436,2022-09-28
2020-12-21,13,449,2022-09-28
2020-12-22,7,456,2022-09-28
2020-12-23,5,461,2022-09-28
2020-12-24,8,469,2022-09-28
2020-12-25,16,485,2022-09-28
2020-12-26,9,494,2022-09-28
2020-12-27,8,502,2022-09-28
2020-12-28,10,512,2022-09-28
2020-12-29,12,524,2022-09-28
2020-12-30,16,540,2022-09-28
2020-12-31,20,560,2022-09-28
2021-01-01,13,573,2022-09-28
2021-01-02,12,585,2022-09-28
2021-01-03,7,592,2022-09-28
2021-01-04,4,596,2022-09-28
2021-01-05,7,603,2022-09-28
2021-01-06,4,607,2022-09-28
2021-01-07,3,610,2022-09-28
2021-01-08,3,613,2022-09-28
2021-01-09,4,617,2022-09-28
2021-01-10,3,620,2022-09-28
2021-01-11,5,625,2022-09-28
2021-01-12,5,630,2022-09-28
2021-01-13,6,636,2022-09-28
2021-01-14,4,640,2022-09-28
2021-01-15,2,642,2022-09-28
2021-01-16,1,643,2022-09-28
2021-01-17,2,645,2022-09-28
2021-01-18,0,645,2022-09-28
2021-01-19,1,646,2022-09-28
2021-01-20,1,647,2022-09-28
2021-01-21,3,650,2022-09-28
2021-01-22,3,653,2022-09-28
2021-01-23,4,657,2022-09-28
2021-01-24,2,659,2022-09-28
2021-01-25,4,663,2022-09-28
2021-01-26,10,673,2022-09-28
2021-01-27,11,684,2022-09-28
2021-01-28,3,687,2022-09-28
2021-01-29,0,687,2022-09-28
2021-01-30,2,689,2022-09-28
2021-01-31,1,690,2022-09-28
2021-02-01,2,692,2022-09-28
2021-02-02,3,695,2022-09-28
2021-02-03,7,702,2022-09-28
2021-02-04,8,710,2022-09-28
2021-02-05,4,714,2022-09-28
2021-02-06,2,716,2022-09-28
2021-02-07,4,720,2022-09-28
2021-02-08,4,724,2022-09-28
2021-02-09,1,725,2022-09-28
2021-02-10,8,733,2022-09-28
2021-02-11,7,740,2022-09-28
2021-02-12,2,742,2022-09-28
2021-02-13,1,743,2022-09-28
2021-02-14,3,746,2022-09-28
2021-02-15,2,748,2022-09-28
2021-02-16,4,752,2022-09-28
2021-02-17,6,758,2022-09-28
2021-02-18,7,765,2022-09-28
2021-02-19,2,767,2022-09-28
2021-02-20,9,776,2022-09-28
2021-02-21,1,777,2022-09-28
2021-02-22,1,778,2022-09-28
2021-02-23,5,783,2022-09-28
2021-02-24,5,788,2022-09-28
2021-02-25,6,794,2022-09-28
2021-02-26,4,798,2022-09-28
2021-02-27,1,799,2022-09-28
2021-02-28,2,801,2022-09-28
2021-03-01,1,802,2022-09-28
2021-03-02,3,805,2022-09-28
2021-03-03,4,809,2022-09-28
2021-03-04,1,810,2022-09-28
2021-03-05,1,811,2022-09-28
2021-03-06,0,811,2022-09-28
2021-03-07,1,812,2022-09-28
2021-03-08,1,813,2022-09-28
2021-03-09,5,818,2022-09-28
2021-03-10,3,821,2022-09-28
2021-03-11,2,823,2022-09-28
2021-03-12,6,829,2022-09-28
2021-03-13,2,831,2022-09-28
2021-03-14,3,834,2022-09-28
2021-03-15,0,834,2022-09-28
2021-03-16,2,836,2022-09-28
2021-03-17,3,839,2022-09-28
2021-03-18,1,840,2022-09-28
2021-03-19,1,841,2022-09-28
2021-03-20,3,844,2022-09-28
2021-03-21,1,845,2022-09-28
2021-03-22,6,851,2022-09-28
2021-03-23,2,853,2022-09-28
2021-03-24,3,856,2022-09-28
2021-03-25,4,860,2022-09-28
2021-03-26,15,875,2022-09-28
2021-03-27,6,881,2022-09-28
2021-03-28,2,883,2022-09-28
2021-03-29,3,886,2022-09-28
2021-03-30,1,887,2022-09-28
2021-03-31,1,888,2022-09-28
2021-04-01,2,890,2022-09-28
2021-04-02,5,895,2022-09-28
2021-04-03,0,895,2022-09-28
2021-04-04,0,895,2022-09-28
2021-04-05,4,899,2022-09-28
2021-04-06,3,902,2022-09-28
2021-04-07,7,909,2022-09-28
2021-04-08,9,918,2022-09-28
2021-04-09,5,923,2022-09-28
2021-04-10,2,925,2022-09-28
2021-04-11,3,928,2022-09-28
2021-04-12,0,928,2022-09-28
2021-04-13,2,930,2022-09-28
2021-04-14,1,931,2022-09-28
2021-04-15,5,936,2022-09-28
2021-04-16,4,940,2022-09-28
2021-04-17,1,941,2022-09-28
2021-04-18,3,944,2022-09-28
2021-04-19,1,945,2022-09-28
2021-04-20,5,950,2022-09-28
2021-04-21,0,950,2022-09-28
2021-04-22,1,951,2022-09-28
2021-04-23,2,953,2022-09-28
2021-04-24,3,956,2022-09-28
2021-04-25,2,958,2022-09-28
2021-04-26,1,959,2022-09-28
2021-04-27,1,960,2022-09-28
2021-04-28,3,963,2022-09-28
2021-04-29,0,963,2022-09-28
2021-04-30,0,963,2022-09-28
2021-05-01,6,969,2022-09-28
2021-05-02,0,969,2022-09-28
2021-05-03,2,971,2022-09-28
2021-05-04,0,971,2022-09-28
2021-05-05,2,973,2022-09-28
2021-05-06,5,978,2022-09-28
2021-05-07,5,983,2022-09-28
2021-05-08,4,987,2022-09-28
2021-05-09,5,992,2022-09-28
2021-05-10,2,994,2022-09-28
2021-05-11,1,995,2022-09-28
2021-05-12,1,996,2022-09-28
2021-05-13,3,999,2022-09-28
2021-05-14,9,1008,2022-09-28
2021-05-15,5,1013,2022-09-28
2021-05-16,6,1019,2022-09-28
2021-05-17,3,1022,2022-09-28
2021-05-18,6,1028,2022-09-28
2021-05-19,3,1031,2022-09-28
2021-05-20,2,1033,2022-09-28
2021-05-21,9,1042,2022-09-28
2021-05-22,3,1045,2022-09-28
2021-05-23,3,1048,2022-09-28
2021-05-24,2,1050,2022-09-28
2021-05-25,10,1060,2022-09-28
2021-05-26,7,1067,2022-09-28
2021-05-27,2,1069,2022-09-28
2021-05-28,2,1071,2022-09-28
2021-05-29,2,1073,2022-09-28
2021-05-30,1,1074,2022-09-28
2021-05-31,1,1075,2022-09-28
2021-06-01,3,1078,2022-09-28
2021-06-02,0,1078,2022-09-28
2021-06-03,2,1080,2022-09-28
2021-06-04,0,1080,2022-09-28
2021-06-05,5,1085,2022-09-28
2021-06-06,9,1094,2022-09-28
2021-06-07,6,1100,2022-09-28
2021-06-08,6,1106,2022-09-28
2021-06-09,1,1107,2022-09-28
2021-06-10,3,1110,2022-09-28
2021-06-11,2,1112,2022-09-28
2021-06-12,5,1117,2022-09-28
2021-06-13,0,1117,2022-09-28
2021-06-14,2,1119,2022-09-28
2021-06-15,0,1119,2022-09-28
2021-06-16,1,1120,2022-09-28
2021-06-17,10,1130,2022-09-28
2021-06-18,5,1135,2022-09-28
2021-06-19,1,1136,2022-09-28
2021-06-20,3,1139,2022-09-28
2021-06-21,2,1141,2022-09-28
2021-06-22,4,1145,2022-09-28
2021-06-23,6,1151,2022-09-28
2021-06-24,0,1151,2022-09-28
2021-06-25,3,1154,2022-09-28
2021-06-26,3,1157,2022-09-28
2021-06-27,4,1161,2022-09-28
2021-06-28,1,1162,2022-09-28
2021-06-29,4,1166,2022-09-28
2021-06-30,10,1176,2022-09-28
2021-07-01,8,1184,2022-09-28
2021-07-02,4,1188,2022-09-28
2021-07-03,5,1193,2022-09-28
2021-07-04,2,1195,2022-09-28
2021-07-05,1,1196,2022-09-28
2021-07-06,5,1201,2022-09-28
2021-07-07,5,1206,2022-09-28
2021-07-08,5,1211,2022-09-28
2021-07-09,9,1220,2022-09-28
2021-07-10,12,1232,2022-09-28
2021-07-11,4,1236,2022-09-28
2021-07-12,7,1243,2022-09-28
2021-07-13,6,1249,2022-09-28
2021-07-14,11,1260,2022-09-28
2021-07-15,12,1272,2022-09-28
2021-07-16,7,1279,2022-09-28
2021-07-17,7,1286,2022-09-28
2021-07-18,21,1307,2022-09-28
2021-07-19,7,1314,2022-09-28
2021-07-20,9,1323,2022-09-28
2021-07-21,17,1340,2022-09-28
2021-07-22,8,1352,2022-09-28
2021-07-23,16,1368,2022-09-28
2021-07-24,7,1375,2022-09-28
2021-07-25,12,1387,2022-09-28
2021-07-26,23,1410,2022-09-28
2021-07-27,7,1417,2022-09-28
2021-07-28,20,1437,2022-09-28
2021-07-29,0,1437,2022-09-28
2021-07-30,13,1450,2022-09-28
2021-07-31,13,1463,2022-09-28
2021-08-01,5,1468,2022-09-28
2021-08-02,5,1473,2022-09-28
2021-08-03,14,1487,2022-09-28
2021-08-04,12,1499,2022-09-28
2021-08-05,16,1515,2022-09-28
2021-08-06,17,1532,2022-09-28
2021-08-07,10,1542,2022-09-28
2021-08-08,21,1563,2022-09-28
2021-08-09,11,1574,2022-09-28
2021-08-10,21,1595,2022-09-28
2021-08-11,20,1615,2022-09-28
2021-08-12,17,1632,2022-09-28
2021-08-13,11,1643,2022-09-28
2021-08-14,18,1661,2022-09-28
2021-08-15,23,1684,2022-09-28
2021-08-16,18,1702,2022-09-28
2021-08-17,12,1714,2022-09-28
2021-08-18,33,1747,2022-09-28
2021-08-19,22,1769,2022-09-28
2021-08-20,18,1787,2022-09-28
2021-08-21,10,1797,2022-09-28
2021-08-22,12,1809,2022-09-28
2021-08-23,14,1823,2022-09-28
2021-08-24,21,1844,2022-09-28
2021-08-25,21,1865,2022-09-28
2021-08-26,22,1887,2022-09-28
2021-08-27,13,1900,2022-09-28
2021-08-28,16,1916,2022-09-28
2021-08-29,8,1924,2022-09-28
2021-08-30,12,1936,2022-09-28
2021-08-31,14,1950,2022-09-28
2021-09-01,9,1959,2022-09-28
2021-09-02,17,1976,2022-09-28
2021-09-03,16,1992,2022-09-28
2021-09-04,15,2007,2022-09-28
2021-09-05,15,2022,2022-09-28
2021-09-06,7,2029,2022-09-28
2021-09-07,19,2048,2022-09-28
2021-09-08,14,2062,2022-09-28
2021-09-09,11,2073,2022-09-28
2021-09-10,19,2092,2022-09-28
2021-09-11,24,2116,2022-09-28
2021-09-12,42,2158,2022-09-28
2021-09-13,23,2181,2022-09-28
2021-09-14,33,2214,2022-09-28
2021-09-15,19,2233,2022-09-28
2021-09-16,30,2263,2022-09-28
2021-09-17,22,2285,2022-09-28
2021-09-18,34,2319,2022-09-28
2021-09-19,20,2339,2022-09-28
2021-09-20,25,2364,2022-09-28
2021-09-21,22,2386,2022-09-28
2021-09-22,15,2401,2022-09-28
2021-09-23,12,2413,2022-09-28
2021-09-24,38,2451,2022-09-28
2021-09-25,24,2475,2022-09-28
2021-09-26,29,2504,2022-09-28
2021-09-27,32,2536,2022-09-28
2021-09-28,33,2569,2022-09-28
2021-09-29,34,2603,2022-09-28
2021-09-30,23,2626,2022-09-28
2021-10-01,30,2656,2022-09-28
2021-10-02,30,2686,2022-09-28
2021-10-03,31,2717,2022-09-28
2021-10-04,28,2745,2022-09-28
2021-10-05,31,2776,2022-09-28
2021-10-06,25,2801,2022-09-28
2021-10-07,25,2826,2022-09-28
2021-10-08,29,2855,2022-09-28
2021-10-09,15,2870,2022-09-28
2021-10-10,12,2882,2022-09-28
2021-10-11,14,2896,2022-09-28
2021-10-12,20,2916,2022-09-28
2021-10-13,18,2934,2022-09-28
2021-10-14,11,2945,2022-09-28
2021-10-15,16,2961,2022-09-28
2021-10-16,27,2988,2022-09-28
2021-10-17,11,2999,2022-09-28
2021-10-18,42,3041,2022-09-28
2021-10-19,22,3063,2022-09-28
2021-10-20,30,3093,2022-09-28
2021-10-21,23,3116,2022-09-28
2021-10-22,13,3129,2022-09-28
2021-10-23,19,3148,2022-09-28
2021-10-24,18,3166,2022-09-28
2021-10-25,8,3174,2022-09-28
2021-10-26,17,3191,2022-09-28
2021-10-27,18,3209,2022-09-28
2021-10-28,26,3235,2022-09-28
2021-10-29,27,3262,2022-09-28
2021-10-30,21,3283,2022-09-28
2021-10-31,10,3293,2022-09-28
2021-11-01,16,3309,2022-09-28
2021-11-02,19,3328,2022-09-28
2021-11-03,16,3344,2022-09-28
2021-11-04,27,3371,2022-09-28
2021-11-05,25,3396,2022-09-28
2021-11-06,32,3428,2022-09-28
2021-11-07,19,3447,2022-09-28
2021-11-08,20,3467,2022-09-28
2021-11-09,32,3499,2022-09-28
2021-11-10,72,3571,2022-09-28
2021-11-11,27,3598,2022-09-28
2021-11-12,41,3639,2022-09-28
2021-11-13,37,3676,2022-09-28
2021-11-14,18,3694,2022-09-28
2021-11-15,34,3728,2022-09-28
2021-11-16,29,3757,2022-09-28
2021-11-17,41,3798,2022-09-28
2021-11-18,40,3838,2022-09-28
2021-11-19,32,3870,2022-09-28
2021-11-20,36,3906,2022-09-28
2021-11-21,27,3933,2022-09-28
2021-11-22,10,3943,2022-09-28
2021-11-23,24,3967,2022-09-28
2021-11-24,39,4006,2022-09-28
2021-11-25,37,4043,2022-09-28
2021-11-26,38,4081,2022-09-28
2021-11-27,37,4118,2022-09-28
2021-11-28,35,4153,2022-09-28
2021-11-29,36,4189,2022-09-28
2021-11-30,49,4238,2022-09-28
2021-12-01,56,4294,2022-09-28
2021-12-02,53,4347,2022-09-28
2021-12-03,52,4399,2022-09-28
2021-12-04,41,4440,2022-09-28
2021-12-05,37,4477,2022-09-28
2021-12-06,42,4519,2022-09-28
2021-12-07,64,4583,2022-09-28
2021-12-08,101,4684,2022-09-28
2021-12-09,70,4754,2022-09-28
2021-12-10,72,4826,2022-09-28
2021-12-11,62,4888,2022-09-28
2021-12-12,68,4956,2022-09-28
2021-12-13,59,5015,2022-09-28
2021-12-14,74,5089,2022-09-28
2021-12-15,71,5160,2022-09-28
2021-12-16,81,5241,2022-09-28
2021-12-17,102,5343,2022-09-28
2021-12-18,60,5403,2022-09-28
2021-12-19,80,5483,2022-09-28
2021-12-20,49,5532,2022-09-28
2021-12-21,85,5617,2022-09-28
2021-12-22,67,5684,2022-09-28
2021-12-23,79,5763,2022-09-28
2021-12-24,71,5834,2022-09-28
2021-12-25,51,5885,2022-09-28
2021-12-26,45,5930,2022-09-28
2021-12-27,47,5977,2022-09-28
2021-12-28,41,6018,2022-09-28
2021-12-29,49,6067,2022-09-28
2021-12-30,52,6119,2022-09-28
2021-12-31,33,6152,2022-09-28
2022-01-01,39,6191,2022-09-28
2022-01-02,34,6225,2022-09-28
2022-01-03,41,6266,2022-09-28
2022-01-04,45,6311,2022-09-28
2022-01-05,57,6368,2022-09-28
2022-01-06,32,6400,2022-09-28
2022-01-07,37,6437,2022-09-28
2022-01-08,29,6466,2022-09-28
2022-01-09,25,6491,2022-09-28
2022-01-10,35,6526,2022-09-28
2022-01-11,47,6573,2022-09-28
2022-01-12,47,6620,2022-09-28
2022-01-13,66,6686,2022-09-28
2022-01-14,61,6747,2022-09-28
2022-01-15,65,6812,2022-09-28
2022-01-16,49,6861,2022-09-28
2022-01-17,28,6889,2022-09-28
2022-01-18,103,6992,2022-09-28
2022-01-19,90,7082,2022-09-28
2022-01-20,77,7159,2022-09-28
2022-01-21,91,7250,2022-09-28
2022-01-22,102,7352,2022-09-28
2022-01-23,131,7483,2022-09-28
2022-01-24,146,7629,2022-09-28
2022-01-25,154,7783,2022-09-28
2022-01-26,167,7950,2022-09-28
2022-01-27,273,8223,2022-09-28
2022-01-28,219,8442,2022-09-28
2022-01-29,264,8706,2022-09-28
2022-01-30,179,8885,2022-09-28
2022-01-31,238,9123,2022-09-28
2022-02-01,270,9393,2022-09-28
2022-02-02,274,9667,2022-09-28
2022-02-03,269,9936,2022-09-28
2022-02-04,337,10273,2022-09-28
2022-02-05,419,10692,2022-09-28
2022-02-06,339,11031,2022-09-28
2022-02-07,578,11609,2022-09-28
2022-02-08,677,12286,2022-09-28
2022-02-09,549,12835,2022-09-28
2022-02-10,374,13209,2022-09-28
2022-02-11,1285,14494,2022-09-28
2022-02-12,783,15277,2022-09-28
2022-02-13,852,16129,2022-09-28
2022-02-14,1026,17155,2022-09-28
2022-02-15,621,17776,2022-09-28
2022-02-16,1158,18934,2022-09-28
2022-02-17,1471,20405,2022-09-28
2022-02-18,1185,21590,2022-09-28
2022-02-19,1394,22984,2022-09-28
2022-02-20,1277,24261,2022-09-28
2022-02-21,1310,25571,2022-09-28
2022-02-22,1287,26858,2022-09-28
2022-02-23,2309,29167,2022-09-28
2022-02-24,1823,30990,2022-09-28
2022-02-25,1904,32894,2022-09-28
2022-02-26,1764,34658,2022-09-28
2022-02-27,1904,36562,2022-09-28
2022-02-28,1336,37898,2022-09-28
2022-03-01,1576,39474,2022-09-28
2022-03-02,2921,42395,2022-09-28
2022-03-03,2800,45195,2022-09-28
2022-03-04,2661,47856,2022-09-28
2022-03-05,2260,50116,2022-09-28
2022-03-06,2579,52695,2022-09-28
2022-03-07,1890,54585,2022-09-28
2022-03-08,2084,56669,2022-09-28
2022-03-09,3397,60066,2022-09-28
2022-03-10,2978,63044,2022-09-28
2022-03-11,3667,66711,2022-09-28
2022-03-12,2844,69555,2022-09-28
2022-03-13,2604,72159,2022-09-28
2022-03-14,3495,75654,2022-09-28
2022-03-15,5582,81236,2022-09-28
2022-03-16,4883,86119,2022-09-28
2022-03-17,3467,89586,2022-09-28
2022-03-18,4105,93691,2022-09-28
2022-03-19,3012,96703,2022-09-28
2022-03-20,2454,99157,2022-09-28
2022-03-21,2492,101649,2022-09-28
2022-03-22,4702,106351,2022-09-28
2022-03-23,3887,110238,2022-09-28
2022-03-24,3233,113471,2022-09-28
2022-03-25,2963,116434,2022-09-28
2022-03-26,3504,119938,2022-09-28
2022-03-27,2595,122533,2022-09-28
2022-03-28,2270,124803,2022-09-28
2022-03-29,4054,128857,2022-09-28
2022-03-30,3986,132843,2022-09-28
2022-03-31,2273,135116,2022-09-28
2022-04-01,2269,135116,2022-09-28
2022-04-02,2700,137816,2022-09-28
2022-04-03,2353,140169,2022-09-28
2022-04-04,595,140764,2022-09-28
2022-04-05,2669,143433,2022-09-28
2022-04-06,2694,146127,2022-09-28
2022-04-07,1944,148071,2022-09-28
2022-04-08,1446,149517,2022-09-28
2022-04-09,1683,151200,2022-09-28
2022-04-10,1332,152532,2022-09-28
2022-04-11,991,153523,2022-09-28
2022-04-12,2108,155631,2022-09-28
2022-04-13,1828,157459,2022-09-28
2022-04-14,1186,158644,2022-09-28
2022-04-15,1250,159894,2022-09-28
2022-04-16,971,160865,2022-09-28
2022-04-17,871,161736,2022-09-28
2022-04-18,374,162110,2022-09-28
2022-04-19,1149,163259,2022-09-28
2022-04-20,1014,164273,2022-09-28
2022-04-21,794,165066,2022-09-28
2022-04-22,697,165763,2022-09-28
2022-04-23,676,166439,2022-09-28
2022-04-24,631,167070,2022-09-28
2022-04-25,241,167311,2022-09-28
2022-04-26,762,168073,2022-09-28
2022-04-27,649,168722,2022-09-28
2022-04-28,478,169200,2022-09-28
2022-04-29,420,169620,2022-09-28
2022-04-30,347,169967,2022-09-28
2022-05-01,318,170285,2022-09-28
2022-05-02,178,170463,2022-09-28
2022-05-03,436,170899,2022-09-28
2022-05-04,397,171296,2022-09-28
2022-05-05,332,171628,2022-09-28
2022-05-06,241,171869,2022-09-28
2022-05-07,296,172165,2022-09-28
2022-05-08,319,172484,2022-09-28
2022-05-09,155,172639,2022-09-28
2022-05-10,487,173126,2022-09-28
2022-05-11,359,173485,2022-09-28
2022-05-12,284,173769,2022-09-28
2022-05-13,257,174026,2022-09-28
2022-05-14,247,174273,2022-09-28
2022-05-15,224,174497,2022-09-28
2022-05-16,81,174578,2022-09-28
2022-05-17,265,174843,2022-09-28
2022-05-18,210,175053,2022-09-28
2022-05-19,269,175322,2022-09-28
2022-05-20,202,175524,2022-09-28
2022-05-21,189,175713,2022-09-28
2022-05-22,171,175884,2022-09-28
2022-05-23,61,175945,2022-09-28
2022-05-24,168,176113,2022-09-28
2022-05-25,154,176267,2022-09-28
2022-05-26,109,176376,2022-09-28
2022-05-27,109,176485,2022-09-28
2022-05-28,113,176598,2022-09-28
2022-05-29,83,176681,2022-09-28
2022-05-30,34,176715,2022-09-28
2022-05-31,92,176807,2022-09-28
2022-06-01,87,176894,2022-09-28
2022-06-02,48,176942,2022-09-28
2022-06-03,89,177031,2022-09-28
2022-06-04,71,177102,2022-09-28
2022-06-05,71,177173,2022-09-28
2022-06-06,23,177196,2022-09-28
2022-06-07,27,177223,2022-09-28
2022-06-08,79,177302,2022-09-28
2022-06-09,74,177376,2022-09-28
2022-06-10,56,177432,2022-09-28
2022-06-11,55,177487,2022-09-28
2022-06-12,48,177535,2022-09-28
2022-06-13,19,177554,2022-09-28
2022-06-14,63,177616,2022-09-28
2022-06-15,50,177666,2022-09-28
2022-06-16,49,177715,2022-09-28
2022-06-17,49,177764,2022-09-28
2022-06-18,36,177800,2022-09-28
2022-06-19,39,177839,2022-09-28
2022-06-20,22,177861,2022-09-28
2022-06-21,70,177931,2022-09-28
2022-06-22,51,177982,2022-09-28
2022-06-23,54,178036,2022-09-28
2022-06-24,52,178088,2022-09-28
2022-06-25,53,178141,2022-09-28
2022-06-26,38,178179,2022-09-28
2022-06-27,30,178209,2022-09-28
2022-06-28,88,178297,2022-09-28
2022-06-29,92,178389,2022-09-28
2022-06-30,62,178451,2022-09-28
2022-07-01,56,178507,2022-09-28
2022-07-02,55,178562,2022-09-28
2022-07-03,73,178635,2022-09-28
2022-07-04,32,178667,2022-09-28
2022-07-05,131,178798,2022-09-28
2022-07-06,142,178940,2022-09-28
2022-07-07,150,179090,2022-09-28
2022-07-08,134,179224,2022-09-28
2022-07-09,182,179406,2022-09-28
2022-07-10,140,179546,2022-09-28
2022-07-11,95,179641,2022-09-28
2022-07-12,283,179924,2022-09-28
2022-07-13,327,180251,2022-09-28
2022-07-14,311,180562,2022-09-28
2022-07-15,356,180918,2022-09-28
2022-07-16,350,181268,2022-09-28
2022-07-17,398,181666,2022-09-28
2022-07-18,350,182016,2022-09-28
2022-07-19,763,182779,2022-09-28
2022-07-20,819,183598,2022-09-28
2022-07-21,700,184298,2022-09-28
2022-07-22,658,184956,2022-09-28
2022-07-23,654,185610,2022-09-28
2022-07-24,629,186239,2022-09-28
2022-07-25,309,186548,2022-09-28
2022-07-26,904,187452,2022-09-28
2022-07-27,851,188303,2022-09-28
2022-07-28,843,189144,2022-09-28
2022-07-29,707,189851,2022-09-28
2022-07-30,721,190572,2022-09-28
2022-07-31,737,191309,2022-09-28
2022-08-01,349,191658,2022-09-28
2022-08-02,788,192446,2022-09-28
2022-08-03,1065,193511,2022-09-28
2022-08-04,906,194417,2022-09-28
2022-08-05,951,195368,2022-09-28
2022-08-06,952,196320,2022-09-28
2022-08-07,988,197308,2022-09-28
2022-08-08,420,197728,2022-09-28
2022-08-09,1424,199152,2022-09-28
2022-08-10,1227,200378,2022-09-28
2022-08-11,1167,201545,2022-09-28
2022-08-12,1164,202709,2022-09-28
2022-08-13,1043,203750,2022-09-28
2022-08-14,1059,204809,2022-09-28
2022-08-15,463,205272,2022-09-28
2022-08-16,738,206010,2022-09-28
2022-08-17,1590,207600,2022-09-28
2022-08-18,1495,209095,2022-09-28
2022-08-19,1200,210295,2022-09-28
2022-08-20,989,211284,2022-09-28
2022-08-21,1048,212331,2022-09-28
2022-08-22,422,212753,2022-09-28
2022-08-23,1506,214258,2022-09-28
2022-08-24,1238,215490,2022-09-28
2022-08-25,999,216489,2022-09-28
2022-08-26,914,217402,2022-09-28
2022-08-27,801,218203,2022-09-28
2022-08-28,844,219047,2022-09-28
2022-08-29,382,219429,2022-09-28
2022-08-30,1158,220587,2022-09-28
2022-08-31,1106,221693,2022-09-28
